{"cameraMode":{"drawMode":0,"name":"Shaded","section":"Shading Mode"},"sceneLighting":true,"audioPlay":false,"sceneViewState":{"showFog":true,"showMaterialUpdate":false,"showSkybox":true,"showFlares":true,"showImageEffects":true,"showParticleSystems":true},"in2DMode":false,"pivot":{"x":0.24637937545776368,"y":0.09156441688537598,"z":-1.3421225547790528},"rotation":{"x":0.08878754824399948,"y":0.10438890010118485,"z":-0.009357043541967869,"w":0.9905238747596741},"size":1.438213586807251,"orthographic":false}